ID,EffectID1,EffectValue1,TargetID1,EffectID2,EffectValue2,TargetID2,EffectID3,EffectValue3,TargetID3,EffectID4,EffectValue4,TargetID4
11,13,0.10 ,1,-1,0.00 ,-1,-1,0.00 ,-1,-1,0.00 ,-1
21,41,0.20 ,-1,-1,0.00 ,-1,-1,0.00 ,-1,-1,0.00 ,-1
31,33,0.10 ,1,-1,0.00 ,-1,-1,0.00 ,-1,-1,0.00 ,-1
41,13,1.50 ,1070,13,0.80 ,1010,13,0.80 ,1040,-1,0.00 ,-1
42,13,1.20 ,1070,13,1.20 ,1060,13,0.60 ,1010,-1,0.00 ,-1
43,13,1.50 ,1070,13,0.80 ,1040,13,0.80 ,1020,-1,0.00 ,-1
51,13,0.30 ,4,13,1.00 ,5080,-1,0.00 ,-1,-1,0.00 ,-1
52,13,0.30 ,4,13,1.00 ,5080,13,1.00 ,5000,-1,0.00 ,-1
53,13,0.30 ,4,13,1.00 ,5080,13,1.00 ,5020,-1,0.00 ,-1
54,13,0.30 ,4,13,1.00 ,5080,13,1.00 ,5040,-1,0.00 ,-1
55,13,0.30 ,4,13,1.00 ,5080,13,1.00 ,5030,-1,0.00 ,-1
61,13,0.30 ,4,13,1.00 ,5090,-1,0.00 ,-1,-1,0.00 ,-1
62,13,0.30 ,4,13,1.00 ,5090,13,1.00 ,5000,-1,0.00 ,-1
63,13,0.30 ,4,13,1.00 ,5090,13,1.00 ,5020,-1,0.00 ,-1
64,13,0.30 ,4,13,1.00 ,5090,13,1.00 ,5040,-1,0.00 ,-1
65,13,0.30 ,4,13,1.00 ,5090,13,1.00 ,5030,-1,0.00 ,-1
71,13,1.50 ,5050,13,1.00 ,5040,13,1.50 ,5020,-1,0.00 ,-1
72,13,1.50 ,5060,13,1.00 ,5000,13,1.50 ,5040,-1,0.00 ,-1
73,13,1.50 ,5050,13,1.00 ,5010,13,1.50 ,5020,-1,0.00 ,-1
74,13,1.50 ,5040,13,1.00 ,5000,13,1.50 ,5030,-1,0.00 ,-1
75,13,1.00 ,5040,13,1.50 ,5030,13,1.00 ,5010,-1,0.00 ,-1
81,13,1.00 ,5050,13,1.00 ,5060,13,2.00 ,5000,-1,0.00 ,-1
82,13,1.00 ,5050,13,1.00 ,5060,13,1.00 ,5010,-1,0.00 ,-1
83,13,1.00 ,5060,13,2.00 ,5010,13,1.00 ,5000,-1,0.00 ,-1
84,13,1.00 ,5050,13,2.00 ,5010,13,1.00 ,5000,-1,0.00 ,-1
91,13,0.30 ,3,13,1.50 ,3080,13,1.00 ,3020,-1,0.00 ,-1
92,13,0.30 ,3,13,1.50 ,3080,13,1.00 ,3000,-1,0.00 ,-1
93,13,0.30 ,3,13,1.50 ,3080,-1,0.00 ,-1,-1,0.00 ,-1
94,13,0.30 ,3,13,1.50 ,3080,13,1.00 ,3030,-1,0.00 ,-1
95,13,0.30 ,3,13,1.50 ,3080,13,1.00 ,3040,-1,0.00 ,-1
101,13,0.30 ,3,13,1.00 ,3060,13,1.50 ,3020,-1,0.00 ,-1
102,13,0.30 ,3,13,1.00 ,3060,13,1.50 ,3030,-1,0.00 ,-1
103,13,0.30 ,3,13,1.00 ,3060,-1,0.00 ,-1,-1,0.00 ,-1
104,13,0.30 ,3,13,1.00 ,3060,13,1.50 ,3000,-1,0.00 ,-1
105,13,0.30 ,3,13,1.00 ,3060,13,1.50 ,3040,-1,0.00 ,-1
111,13,1.00 ,3090,13,2.00 ,3060,-1,0.00 ,-1,-1,0.00 ,-1
112,13,1.00 ,3090,13,2.00 ,3070,-1,0.00 ,-1,-1,0.00 ,-1
113,13,1.00 ,3090,13,2.00 ,3000,13,1.00 ,3040,-1,0.00 ,-1
114,13,1.00 ,3090,13,2.00 ,3020,13,1.00 ,3030,-1,0.00 ,-1
115,13,1.00 ,3090,13,1.00 ,3040,13,2.00 ,3030,-1,0.00 ,-1
121,13,1.50 ,3000,13,1.50 ,3040,-1,0.00 ,-1,-1,0.00 ,-1
122,13,1.50 ,3060,13,1.00 ,3000,13,1.50 ,3040,-1,0.00 ,-1
123,13,1.00 ,3070,13,1.00 ,3020,13,1.50 ,3030,-1,0.00 ,-1
124,13,1.50 ,3060,13,1.50 ,3020,13,1.00 ,3000,-1,0.00 ,-1
125,13,1.50 ,3070,13,1.50 ,3000,13,1.00 ,3030,-1,0.00 ,-1
131,13,1.50 ,5060,13,1.00 ,3020,13,1.00 ,3000,-1,0.00 ,-1
132,13,1.50 ,5070,13,1.00 ,3030,13,1.00 ,3040,-1,0.00 ,-1
133,13,1.00 ,3050,13,1.50 ,5010,13,1.00 ,3020,-1,0.00 ,-1
141,13,1.00 ,1080,13,1.50 ,1070,13,1.50 ,1030,-1,0.00 ,-1
142,13,1.00 ,1080,13,1.00 ,1050,13,1.50 ,1000,-1,0.00 ,-1
143,13,1.00 ,1090,13,2.00 ,1060,13,1.00 ,1040,-1,0.00 ,-1
144,13,1.00 ,1090,13,1.00 ,1050,13,2.00 ,1020,-1,0.00 ,-1
145,13,1.50 ,1060,13,1.50 ,1070,13,1.00 ,1010,-1,0.00 ,-1
151,13,2.00 ,1050,13,1.00 ,1040,13,1.00 ,1000,-1,0.00 ,-1
152,13,2.00 ,1060,13,1.00 ,1010,13,1.00 ,1020,-1,0.00 ,-1
153,13,2.00 ,1070,13,1.00 ,1010,13,1.00 ,1000,-1,0.00 ,-1
154,13,2.00 ,1050,13,1.00 ,1040,13,1.00 ,1000,-1,0.00 ,-1
161,13,0.30 ,2,13,1.00 ,1050,13,1.50 ,1030,-1,0.00 ,-1
162,13,0.30 ,2,13,2.00 ,1030,13,0.50 ,1000,-1,0.00 ,-1
163,13,0.30 ,2,13,1.50 ,1060,13,1.00 ,1030,-1,0.00 ,-1
171,13,0.20 ,1,13,0.30 ,2,-1,0.00 ,-1,-1,0.00 ,-1
181,33,0.20 ,1,13,1.00 ,1060,13,1.00 ,1030,-1,0.00 ,-1
182,33,0.20 ,1,13,1.00 ,1070,13,1.00 ,1040,-1,0.00 ,-1
183,33,0.20 ,1,13,1.00 ,1000,13,1.00 ,1030,-1,0.00 ,-1
191,41,0.20 ,-1,13,1.00 ,3000,13,1.00 ,5010,-1,0.00 ,-1
192,41,0.20 ,-1,13,1.00 ,5000,13,1.00 ,3000,-1,0.00 ,-1
193,41,0.20 ,-1,13,1.00 ,5040,13,1.00 ,3040,-1,0.00 ,-1
201,13,1.00 ,5030,13,2.00 ,5020,-1,0.00 ,-1,-1,0.00 ,-1
202,13,1.00 ,5020,13,2.00 ,5030,-1,0.00 ,-1,-1,0.00 ,-1
211,13,2.00 ,5080,13,1.00 ,3080,-1,0.00 ,-1,-1,0.00 ,-1
212,13,1.00 ,3080,13,2.00 ,5080,-1,0.00 ,-1,-1,0.00 ,-1
213,13,1.00 ,3080,13,2.00 ,5050,13,1.00 ,5000,-1,0.00 ,-1
214,13,2.00 ,5080,13,1.00 ,5070,13,1.00 ,5010,-1,0.00 ,-1
221,13,1.00 ,3020,13,2.00 ,5040,13,1.00 ,5000,-1,0.00 ,-1
222,13,2.00 ,3020,13,1.00 ,5000,13,1.00 ,5010,-1,0.00 ,-1
223,13,2.00 ,5060,13,1.00 ,5040,13,1.00 ,5000,-1,0.00 ,-1
224,13,2.00 ,5050,13,1.00 ,5010,13,1.00 ,3020,-1,0.00 ,-1
231,13,1.50 ,1000,13,1.50 ,1020,13,1.00 ,1030,-1,0.00 ,-1
232,13,1.50 ,1010,13,1.50 ,1040,13,1.00 ,1030,-1,0.00 ,-1
233,13,1.50 ,1010,13,1.50 ,1020,13,1.00 ,1030,-1,0.00 ,-1
241,13,1.00 ,3070,13,2.00 ,3040,13,1.00 ,1020,-1,0.00 ,-1
242,13,1.50 ,3070,13,1.00 ,3040,13,1.50 ,1040,-1,0.00 ,-1
251,23,0.20 ,1,13,2.00 ,5090,-1,0.00 ,-1,-1,0.00 ,-1
261,13,2.00 ,5070,13,1.00 ,3030,13,1.00 ,5030,-1,0.00 ,-1
262,13,1.00 ,3060,13,2.00 ,5070,13,1.00 ,3030,-1,0.00 ,-1
271,13,2.00 ,1090,13,1.00 ,1060,-1,0.00 ,-1,-1,0.00 ,-1
272,13,2.00 ,1090,13,1.00 ,1050,-1,0.00 ,-1,-1,0.00 ,-1
273,13,2.00 ,1090,13,1.00 ,3050,-1,0.00 ,-1,-1,0.00 ,-1
281,13,0.20 ,1,-1,0.00 ,-1,-1,0.00 ,-1,-1,0.00 ,-1
291,23,0.20 ,1,13,1.50 ,1050,-1,0.00 ,-1,-1,0.00 ,-1
292,23,0.20 ,1,13,2.00 ,1080,-1,0.00 ,-1,-1,0.00 ,-1
301,23,0.20 ,1,13,2.00 ,3090,-1,0.00 ,-1,-1,0.00 ,-1
302,13,2.00 ,3090,13,1.00 ,3050,-1,0.00 ,-1,-1,0.00 ,-1
303,23,0.20 ,1,13,2.00 ,3050,-1,0.00 ,-1,-1,0.00 ,-1
311,13,1.50 ,3050,13,1.50 ,3010,-1,0.00 ,-1,-1,0.00 ,-1
321,23,0.20 ,1,-1,0.00 ,-1,-1,0.00 ,-1,-1,0.00 ,-1
331,33,0.20 ,1,13,1.00 ,3070,-1,0.00 ,-1,-1,0.00 ,-1
341,13,1.00 ,3010,13,2.00 ,1000,13,1.00 ,1030,-1,0.00 ,-1
342,13,1.00 ,3010,13,1.00 ,1020,13,2.00 ,1030,-1,0.00 ,-1
343,13,1.00 ,3010,13,2.00 ,1010,13,1.00 ,1030,-1,0.00 ,-1
344,13,2.00 ,3010,13,2.00 ,1020,-1,0.00 ,-1,-1,0.00 ,-1
345,13,2.00 ,3010,13,2.00 ,1000,-1,0.00 ,-1,-1,0.00 ,-1
500,22,1.00 ,1,32,1.00 ,1,41,0.20 ,-1,-1,0.00 ,-1
501,-1,0.00 ,-1,-1,0.00 ,-1,-1,0.00 ,-1,-1,0.00 ,-1
502,-1,0.00 ,-1,-1,0.00 ,-1,-1,0.00 ,-1,-1,0.00 ,-1
503,-1,0.00 ,-1,-1,0.00 ,-1,-1,0.00 ,-1,-1,0.00 ,-1
504,-1,0.00 ,-1,-1,0.00 ,-1,-1,0.00 ,-1,-1,0.00 ,-1
1000,12,0.05 ,1,-1,0.00 ,-1,-1,0.00 ,-1,-1,0.00 ,-1
1001,12,0.10 ,1,-1,0.00 ,-1,-1,0.00 ,-1,-1,0.00 ,-1
1002,12,0.15 ,1,-1,0.00 ,-1,-1,0.00 ,-1,-1,0.00 ,-1
1003,12,0.20 ,1,-1,0.00 ,-1,-1,0.00 ,-1,-1,0.00 ,-1
1004,12,0.25 ,1,-1,0.00 ,-1,-1,0.00 ,-1,-1,0.00 ,-1
1005,12,0.30 ,1,-1,0.00 ,-1,-1,0.00 ,-1,-1,0.00 ,-1
1006,12,0.35 ,1,-1,0.00 ,-1,-1,0.00 ,-1,-1,0.00 ,-1
1007,12,0.40 ,1,-1,0.00 ,-1,-1,0.00 ,-1,-1,0.00 ,-1
1008,12,0.45 ,1,-1,0.00 ,-1,-1,0.00 ,-1,-1,0.00 ,-1
1009,12,0.50 ,1,-1,0.00 ,-1,-1,0.00 ,-1,-1,0.00 ,-1
1010,12,0.05 ,1,-1,0.00 ,-1,-1,0.00 ,-1,-1,0.00 ,-1
1011,12,0.10 ,1,-1,0.00 ,-1,-1,0.00 ,-1,-1,0.00 ,-1
1012,12,0.15 ,1,-1,0.00 ,-1,-1,0.00 ,-1,-1,0.00 ,-1
1013,12,0.20 ,1,-1,0.00 ,-1,-1,0.00 ,-1,-1,0.00 ,-1
1014,12,0.25 ,1,-1,0.00 ,-1,-1,0.00 ,-1,-1,0.00 ,-1
1015,12,0.30 ,1,-1,0.00 ,-1,-1,0.00 ,-1,-1,0.00 ,-1
1016,12,0.35 ,1,-1,0.00 ,-1,-1,0.00 ,-1,-1,0.00 ,-1
1017,12,0.40 ,1,-1,0.00 ,-1,-1,0.00 ,-1,-1,0.00 ,-1
1018,12,0.45 ,1,-1,0.00 ,-1,-1,0.00 ,-1,-1,0.00 ,-1
1019,12,0.50 ,1,-1,0.00 ,-1,-1,0.00 ,-1,-1,0.00 ,-1
1021,14,0.20 ,1,-1,0.00 ,-1,-1,0.00 ,-1,-1,0.00 ,-1
1022,24,0.20 ,1,-1,0.00 ,-1,-1,0.00 ,-1,-1,0.00 ,-1
1023,34,0.20 ,1,-1,0.00 ,-1,-1,0.00 ,-1,-1,0.00 ,-1
1024,14,0.60 ,2,-1,0.00 ,-1,-1,0.00 ,-1,-1,0.00 ,-1
1025,14,0.60 ,3,-1,0.00 ,-1,-1,0.00 ,-1,-1,0.00 ,-1
1026,14,0.60 ,4,-1,0.00 ,-1,-1,0.00 ,-1,-1,0.00 ,-1
1031,14,0.10 ,1,-1,0.00 ,-1,-1,0.00 ,-1,-1,0.00 ,-1
1032,41,0.02 ,-1,-1,0.00 ,-1,-1,0.00 ,-1,-1,0.00 ,-1
1033,24,0.10 ,1,-1,0.00 ,-1,-1,0.00 ,-1,-1,0.00 ,-1
1034,34,0.10 ,1,-1,0.00 ,-1,-1,0.00 ,-1,-1,0.00 ,-1
1035,14,0.30 ,2,-1,0.00 ,-1,-1,0.00 ,-1,-1,0.00 ,-1
1036,14,0.30 ,3,-1,0.00 ,-1,-1,0.00 ,-1,-1,0.00 ,-1
1037,14,0.30 ,4,-1,0.00 ,-1,-1,0.00 ,-1,-1,0.00 ,-1
4011,12,0.10 ,1,-1,0.00 ,-1,-1,0.00 ,-1,-1,0.00 ,-1
4012,12,0.25 ,1,-1,0.00 ,-1,-1,0.00 ,-1,-1,0.00 ,-1
4013,12,0.50 ,1,-1,0.00 ,-1,-1,0.00 ,-1,-1,0.00 ,-1
4014,12,0.75 ,1,-1,0.00 ,-1,-1,0.00 ,-1,-1,0.00 ,-1
4015,12,1.00 ,1,-1,0.00 ,-1,-1,0.00 ,-1,-1,0.00 ,-1
4021,12,0.30 ,3,-1,0.00 ,-1,-1,0.00 ,-1,-1,0.00 ,-1
4022,12,0.75 ,3,-1,0.00 ,-1,-1,0.00 ,-1,-1,0.00 ,-1
4023,12,1.50 ,3,-1,0.00 ,-1,-1,0.00 ,-1,-1,0.00 ,-1
4024,12,2.25 ,3,-1,0.00 ,-1,-1,0.00 ,-1,-1,0.00 ,-1
4025,12,3.00 ,3,-1,0.00 ,-1,-1,0.00 ,-1,-1,0.00 ,-1
4031,12,0.30 ,2,-1,0.00 ,-1,-1,0.00 ,-1,-1,0.00 ,-1
4032,12,0.75 ,2,-1,0.00 ,-1,-1,0.00 ,-1,-1,0.00 ,-1
4033,12,1.50 ,2,-1,0.00 ,-1,-1,0.00 ,-1,-1,0.00 ,-1
4034,12,2.25 ,2,-1,0.00 ,-1,-1,0.00 ,-1,-1,0.00 ,-1
4035,12,3.00 ,2,-1,0.00 ,-1,-1,0.00 ,-1,-1,0.00 ,-1
4041,12,0.20 ,1,-1,0.00 ,-1,-1,0.00 ,-1,-1,0.00 ,-1
4042,12,0.50 ,1,-1,0.00 ,-1,-1,0.00 ,-1,-1,0.00 ,-1
4043,12,1.00 ,1,-1,0.00 ,-1,-1,0.00 ,-1,-1,0.00 ,-1
4044,12,1.50 ,1,-1,0.00 ,-1,-1,0.00 ,-1,-1,0.00 ,-1
4045,12,2.00 ,1,-1,0.00 ,-1,-1,0.00 ,-1,-1,0.00 ,-1
4051,22,0.20 ,1,-1,0.00 ,-1,-1,0.00 ,-1,-1,0.00 ,-1
4052,22,0.50 ,1,-1,0.00 ,-1,-1,0.00 ,-1,-1,0.00 ,-1
4053,22,1.00 ,1,-1,0.00 ,-1,-1,0.00 ,-1,-1,0.00 ,-1
4054,22,1.50 ,1,-1,0.00 ,-1,-1,0.00 ,-1,-1,0.00 ,-1
4055,22,2.00 ,1,-1,0.00 ,-1,-1,0.00 ,-1,-1,0.00 ,-1
4061,32,0.20 ,1,-1,0.00 ,-1,-1,0.00 ,-1,-1,0.00 ,-1
4062,32,0.50 ,1,-1,0.00 ,-1,-1,0.00 ,-1,-1,0.00 ,-1
4063,32,1.00 ,1,-1,0.00 ,-1,-1,0.00 ,-1,-1,0.00 ,-1
4064,32,1.50 ,1,-1,0.00 ,-1,-1,0.00 ,-1,-1,0.00 ,-1
4065,32,2.00 ,1,-1,0.00 ,-1,-1,0.00 ,-1,-1,0.00 ,-1
4071,12,0.60 ,4,-1,0.00 ,-1,-1,0.00 ,-1,-1,0.00 ,-1
4072,12,1.50 ,4,-1,0.00 ,-1,-1,0.00 ,-1,-1,0.00 ,-1
4073,12,3.00 ,4,-1,0.00 ,-1,-1,0.00 ,-1,-1,0.00 ,-1
4074,12,4.50 ,4,-1,0.00 ,-1,-1,0.00 ,-1,-1,0.00 ,-1
4075,12,6.00 ,4,-1,0.00 ,-1,-1,0.00 ,-1,-1,0.00 ,-1
4081,12,1.20 ,4,-1,0.00 ,-1,-1,0.00 ,-1,-1,0.00 ,-1
4082,12,3.00 ,4,-1,0.00 ,-1,-1,0.00 ,-1,-1,0.00 ,-1
4083,12,6.00 ,4,-1,0.00 ,-1,-1,0.00 ,-1,-1,0.00 ,-1
4084,12,9.00 ,4,-1,0.00 ,-1,-1,0.00 ,-1,-1,0.00 ,-1
4085,12,12.00 ,4,-1,0.00 ,-1,-1,0.00 ,-1,-1,0.00 ,-1
4091,41,0.10 ,-1,-1,0.00 ,-1,-1,0.00 ,-1,-1,0.00 ,-1
4092,41,0.15 ,-1,-1,0.00 ,-1,-1,0.00 ,-1,-1,0.00 ,-1
4093,41,0.20 ,-1,-1,0.00 ,-1,-1,0.00 ,-1,-1,0.00 ,-1
4094,41,0.25 ,-1,-1,0.00 ,-1,-1,0.00 ,-1,-1,0.00 ,-1
4095,41,0.30 ,-1,-1,0.00 ,-1,-1,0.00 ,-1,-1,0.00 ,-1
4101,12,0.40 ,1,-1,0.00 ,-1,-1,0.00 ,-1,-1,0.00 ,-1
4102,12,1.00 ,1,-1,0.00 ,-1,-1,0.00 ,-1,-1,0.00 ,-1
4103,12,2.00 ,1,-1,0.00 ,-1,-1,0.00 ,-1,-1,0.00 ,-1
4104,12,3.00 ,1,-1,0.00 ,-1,-1,0.00 ,-1,-1,0.00 ,-1
4105,12,4.00 ,1,-1,0.00 ,-1,-1,0.00 ,-1,-1,0.00 ,-1
4111,12,1.20 ,3,-1,0.00 ,-1,-1,0.00 ,-1,-1,0.00 ,-1
4112,12,3.00 ,3,-1,0.00 ,-1,-1,0.00 ,-1,-1,0.00 ,-1
4113,12,6.00 ,3,-1,0.00 ,-1,-1,0.00 ,-1,-1,0.00 ,-1
4114,12,9.00 ,3,-1,0.00 ,-1,-1,0.00 ,-1,-1,0.00 ,-1
4115,12,12.00 ,3,-1,0.00 ,-1,-1,0.00 ,-1,-1,0.00 ,-1
4121,12,2.40 ,2,-1,0.00 ,-1,-1,0.00 ,-1,-1,0.00 ,-1
4122,12,6.00 ,2,-1,0.00 ,-1,-1,0.00 ,-1,-1,0.00 ,-1
4123,12,12.00 ,2,-1,0.00 ,-1,-1,0.00 ,-1,-1,0.00 ,-1
4124,12,18.00 ,2,-1,0.00 ,-1,-1,0.00 ,-1,-1,0.00 ,-1
4125,12,24.00 ,2,-1,0.00 ,-1,-1,0.00 ,-1,-1,0.00 ,-1
4131,22,0.80 ,1,-1,0.00 ,-1,-1,0.00 ,-1,-1,0.00 ,-1
4132,22,2.00 ,1,-1,0.00 ,-1,-1,0.00 ,-1,-1,0.00 ,-1
4133,22,4.00 ,1,-1,0.00 ,-1,-1,0.00 ,-1,-1,0.00 ,-1
4134,22,6.00 ,1,-1,0.00 ,-1,-1,0.00 ,-1,-1,0.00 ,-1
4135,22,8.00 ,1,-1,0.00 ,-1,-1,0.00 ,-1,-1,0.00 ,-1
4141,32,0.80 ,1,-1,0.00 ,-1,-1,0.00 ,-1,-1,0.00 ,-1
4142,32,2.00 ,1,-1,0.00 ,-1,-1,0.00 ,-1,-1,0.00 ,-1
4143,32,4.00 ,1,-1,0.00 ,-1,-1,0.00 ,-1,-1,0.00 ,-1
4144,32,6.00 ,1,-1,0.00 ,-1,-1,0.00 ,-1,-1,0.00 ,-1
4145,32,8.00 ,1,-1,0.00 ,-1,-1,0.00 ,-1,-1,0.00 ,-1
4151,12,0.80 ,1,-1,0.00 ,-1,-1,0.00 ,-1,-1,0.00 ,-1
4152,12,2.00 ,1,-1,0.00 ,-1,-1,0.00 ,-1,-1,0.00 ,-1
4153,12,4.00 ,1,-1,0.00 ,-1,-1,0.00 ,-1,-1,0.00 ,-1
4154,12,6.00 ,1,-1,0.00 ,-1,-1,0.00 ,-1,-1,0.00 ,-1
4155,12,8.00 ,1,-1,0.00 ,-1,-1,0.00 ,-1,-1,0.00 ,-1
4161,12,3.60 ,4,-1,0.00 ,-1,-1,0.00 ,-1,-1,0.00 ,-1
4162,12,9.00 ,4,-1,0.00 ,-1,-1,0.00 ,-1,-1,0.00 ,-1
4163,12,18.00 ,4,-1,0.00 ,-1,-1,0.00 ,-1,-1,0.00 ,-1
4164,12,27.00 ,4,-1,0.00 ,-1,-1,0.00 ,-1,-1,0.00 ,-1
4165,12,36.00 ,4,-1,0.00 ,-1,-1,0.00 ,-1,-1,0.00 ,-1
4171,32,1.20 ,1,-1,0.00 ,-1,-1,0.00 ,-1,-1,0.00 ,-1
4172,32,3.00 ,1,-1,0.00 ,-1,-1,0.00 ,-1,-1,0.00 ,-1
4173,32,6.00 ,1,-1,0.00 ,-1,-1,0.00 ,-1,-1,0.00 ,-1
4174,32,9.00 ,1,-1,0.00 ,-1,-1,0.00 ,-1,-1,0.00 ,-1
4175,32,12.00 ,1,-1,0.00 ,-1,-1,0.00 ,-1,-1,0.00 ,-1
4181,12,3.60 ,2,-1,0.00 ,-1,-1,0.00 ,-1,-1,0.00 ,-1
4182,12,9.00 ,2,-1,0.00 ,-1,-1,0.00 ,-1,-1,0.00 ,-1
4183,12,18.00 ,2,-1,0.00 ,-1,-1,0.00 ,-1,-1,0.00 ,-1
4184,12,27.00 ,2,-1,0.00 ,-1,-1,0.00 ,-1,-1,0.00 ,-1
4185,12,36.00 ,2,-1,0.00 ,-1,-1,0.00 ,-1,-1,0.00 ,-1
4191,12,3.60 ,3,-1,0.00 ,-1,-1,0.00 ,-1,-1,0.00 ,-1
4192,12,9.00 ,3,-1,0.00 ,-1,-1,0.00 ,-1,-1,0.00 ,-1
4193,12,18.00 ,3,-1,0.00 ,-1,-1,0.00 ,-1,-1,0.00 ,-1
4194,12,27.00 ,3,-1,0.00 ,-1,-1,0.00 ,-1,-1,0.00 ,-1
4195,12,36.00 ,3,-1,0.00 ,-1,-1,0.00 ,-1,-1,0.00 ,-1
4201,12,1.20 ,1,-1,0.00 ,-1,-1,0.00 ,-1,-1,0.00 ,-1
4202,12,3.00 ,1,-1,0.00 ,-1,-1,0.00 ,-1,-1,0.00 ,-1
4203,12,6.00 ,1,-1,0.00 ,-1,-1,0.00 ,-1,-1,0.00 ,-1
4204,12,9.00 ,1,-1,0.00 ,-1,-1,0.00 ,-1,-1,0.00 ,-1
4205,12,12.00 ,1,-1,0.00 ,-1,-1,0.00 ,-1,-1,0.00 ,-1
4211,12,7.50 ,3,-1,0.00 ,-1,-1,0.00 ,-1,-1,0.00 ,-1
4212,12,18.75 ,3,-1,0.00 ,-1,-1,0.00 ,-1,-1,0.00 ,-1
4213,12,37.50 ,3,-1,0.00 ,-1,-1,0.00 ,-1,-1,0.00 ,-1
4214,12,56.25 ,3,-1,0.00 ,-1,-1,0.00 ,-1,-1,0.00 ,-1
4215,12,75.00 ,3,-1,0.00 ,-1,-1,0.00 ,-1,-1,0.00 ,-1
4221,22,2.50 ,1,-1,0.00 ,-1,-1,0.00 ,-1,-1,0.00 ,-1
4222,22,6.25 ,1,-1,0.00 ,-1,-1,0.00 ,-1,-1,0.00 ,-1
4223,22,12.50 ,1,-1,0.00 ,-1,-1,0.00 ,-1,-1,0.00 ,-1
4224,22,18.75 ,1,-1,0.00 ,-1,-1,0.00 ,-1,-1,0.00 ,-1
4225,22,25.00 ,1,-1,0.00 ,-1,-1,0.00 ,-1,-1,0.00 ,-1
4231,12,7.50 ,4,-1,0.00 ,-1,-1,0.00 ,-1,-1,0.00 ,-1
4232,12,18.75 ,4,-1,0.00 ,-1,-1,0.00 ,-1,-1,0.00 ,-1
4233,12,37.50 ,4,-1,0.00 ,-1,-1,0.00 ,-1,-1,0.00 ,-1
4234,12,56.25 ,4,-1,0.00 ,-1,-1,0.00 ,-1,-1,0.00 ,-1
4235,12,75.00 ,4,-1,0.00 ,-1,-1,0.00 ,-1,-1,0.00 ,-1
4241,12,7.50 ,2,-1,0.00 ,-1,-1,0.00 ,-1,-1,0.00 ,-1
4242,12,18.75 ,2,-1,0.00 ,-1,-1,0.00 ,-1,-1,0.00 ,-1
4243,12,37.50 ,2,-1,0.00 ,-1,-1,0.00 ,-1,-1,0.00 ,-1
4244,12,56.25 ,2,-1,0.00 ,-1,-1,0.00 ,-1,-1,0.00 ,-1
4245,12,75.00 ,2,-1,0.00 ,-1,-1,0.00 ,-1,-1,0.00 ,-1
4251,12,2.50 ,1,-1,0.00 ,-1,-1,0.00 ,-1,-1,0.00 ,-1
4252,12,6.25 ,1,-1,0.00 ,-1,-1,0.00 ,-1,-1,0.00 ,-1
4253,12,12.50 ,1,-1,0.00 ,-1,-1,0.00 ,-1,-1,0.00 ,-1
4254,12,18.75 ,1,-1,0.00 ,-1,-1,0.00 ,-1,-1,0.00 ,-1
4255,12,25.00 ,1,-1,0.00 ,-1,-1,0.00 ,-1,-1,0.00 ,-1
4261,22,7.50 ,1,-1,0.00 ,-1,-1,0.00 ,-1,-1,0.00 ,-1
4262,22,18.75 ,1,-1,0.00 ,-1,-1,0.00 ,-1,-1,0.00 ,-1
4263,22,37.50 ,1,-1,0.00 ,-1,-1,0.00 ,-1,-1,0.00 ,-1
4264,22,56.25 ,1,-1,0.00 ,-1,-1,0.00 ,-1,-1,0.00 ,-1
4265,22,75.00 ,1,-1,0.00 ,-1,-1,0.00 ,-1,-1,0.00 ,-1
4271,41,0.10 ,-1,-1,0.00 ,-1,-1,0.00 ,-1,-1,0.00 ,-1
4272,41,0.15 ,-1,-1,0.00 ,-1,-1,0.00 ,-1,-1,0.00 ,-1
4273,41,0.20 ,-1,-1,0.00 ,-1,-1,0.00 ,-1,-1,0.00 ,-1
4274,41,0.25 ,-1,-1,0.00 ,-1,-1,0.00 ,-1,-1,0.00 ,-1
4275,41,0.30 ,-1,-1,0.00 ,-1,-1,0.00 ,-1,-1,0.00 ,-1
4281,12,7.50 ,1,-1,0.00 ,-1,-1,0.00 ,-1,-1,0.00 ,-1
4282,12,18.75 ,1,-1,0.00 ,-1,-1,0.00 ,-1,-1,0.00 ,-1
4283,12,37.50 ,1,-1,0.00 ,-1,-1,0.00 ,-1,-1,0.00 ,-1
4284,12,56.25 ,1,-1,0.00 ,-1,-1,0.00 ,-1,-1,0.00 ,-1
4285,12,75.00 ,1,-1,0.00 ,-1,-1,0.00 ,-1,-1,0.00 ,-1
4291,12,22.50 ,4,-1,0.00 ,-1,-1,0.00 ,-1,-1,0.00 ,-1
4292,12,56.25 ,4,-1,0.00 ,-1,-1,0.00 ,-1,-1,0.00 ,-1
4293,12,112.50 ,4,-1,0.00 ,-1,-1,0.00 ,-1,-1,0.00 ,-1
4294,12,168.75 ,4,-1,0.00 ,-1,-1,0.00 ,-1,-1,0.00 ,-1
4295,12,225.00 ,4,-1,0.00 ,-1,-1,0.00 ,-1,-1,0.00 ,-1
4301,32,7.50 ,1,-1,0.00 ,-1,-1,0.00 ,-1,-1,0.00 ,-1
4302,32,18.75 ,1,-1,0.00 ,-1,-1,0.00 ,-1,-1,0.00 ,-1
4303,32,37.50 ,1,-1,0.00 ,-1,-1,0.00 ,-1,-1,0.00 ,-1
4304,32,56.25 ,1,-1,0.00 ,-1,-1,0.00 ,-1,-1,0.00 ,-1
4305,32,75.00 ,1,-1,0.00 ,-1,-1,0.00 ,-1,-1,0.00 ,-1
4311,12,10.00 ,1,-1,0.00 ,-1,-1,0.00 ,-1,-1,0.00 ,-1
4312,12,25.00 ,1,-1,0.00 ,-1,-1,0.00 ,-1,-1,0.00 ,-1
4313,12,50.00 ,1,-1,0.00 ,-1,-1,0.00 ,-1,-1,0.00 ,-1
4314,12,75.00 ,1,-1,0.00 ,-1,-1,0.00 ,-1,-1,0.00 ,-1
4315,12,100.00 ,1,-1,0.00 ,-1,-1,0.00 ,-1,-1,0.00 ,-1
4321,12,30.00 ,4,-1,0.00 ,-1,-1,0.00 ,-1,-1,0.00 ,-1
4322,12,75.00 ,4,-1,0.00 ,-1,-1,0.00 ,-1,-1,0.00 ,-1
4323,12,150.00 ,4,-1,0.00 ,-1,-1,0.00 ,-1,-1,0.00 ,-1
4324,12,225.00 ,4,-1,0.00 ,-1,-1,0.00 ,-1,-1,0.00 ,-1
4325,12,300.00 ,4,-1,0.00 ,-1,-1,0.00 ,-1,-1,0.00 ,-1
4331,12,30.00 ,3,-1,0.00 ,-1,-1,0.00 ,-1,-1,0.00 ,-1
4332,12,75.00 ,3,-1,0.00 ,-1,-1,0.00 ,-1,-1,0.00 ,-1
4333,12,150.00 ,3,-1,0.00 ,-1,-1,0.00 ,-1,-1,0.00 ,-1
4334,12,225.00 ,3,-1,0.00 ,-1,-1,0.00 ,-1,-1,0.00 ,-1
4335,12,300.00 ,3,-1,0.00 ,-1,-1,0.00 ,-1,-1,0.00 ,-1
4341,12,30.00 ,2,-1,0.00 ,-1,-1,0.00 ,-1,-1,0.00 ,-1
4342,12,75.00 ,2,-1,0.00 ,-1,-1,0.00 ,-1,-1,0.00 ,-1
4343,12,150.00 ,2,-1,0.00 ,-1,-1,0.00 ,-1,-1,0.00 ,-1
4344,12,225.00 ,2,-1,0.00 ,-1,-1,0.00 ,-1,-1,0.00 ,-1
4345,12,300.00 ,2,-1,0.00 ,-1,-1,0.00 ,-1,-1,0.00 ,-1
4351,32,10.00 ,1,-1,0.00 ,-1,-1,0.00 ,-1,-1,0.00 ,-1
4352,32,25.00 ,1,-1,0.00 ,-1,-1,0.00 ,-1,-1,0.00 ,-1
4353,32,50.00 ,1,-1,0.00 ,-1,-1,0.00 ,-1,-1,0.00 ,-1
4354,32,75.00 ,1,-1,0.00 ,-1,-1,0.00 ,-1,-1,0.00 ,-1
4355,32,100.00 ,1,-1,0.00 ,-1,-1,0.00 ,-1,-1,0.00 ,-1
4361,12,90.00 ,2,-1,0.00 ,-1,-1,0.00 ,-1,-1,0.00 ,-1
4362,12,225.00 ,2,-1,0.00 ,-1,-1,0.00 ,-1,-1,0.00 ,-1
4363,12,450.00 ,2,-1,0.00 ,-1,-1,0.00 ,-1,-1,0.00 ,-1
4364,12,675.00 ,2,-1,0.00 ,-1,-1,0.00 ,-1,-1,0.00 ,-1
4365,12,900.00 ,2,-1,0.00 ,-1,-1,0.00 ,-1,-1,0.00 ,-1
4371,12,90.00 ,2,-1,0.00 ,-1,-1,0.00 ,-1,-1,0.00 ,-1
4372,12,225.00 ,2,-1,0.00 ,-1,-1,0.00 ,-1,-1,0.00 ,-1
4373,12,450.00 ,2,-1,0.00 ,-1,-1,0.00 ,-1,-1,0.00 ,-1
4374,12,675.00 ,2,-1,0.00 ,-1,-1,0.00 ,-1,-1,0.00 ,-1
4375,12,900.00 ,2,-1,0.00 ,-1,-1,0.00 ,-1,-1,0.00 ,-1
4381,41,0.10 ,-1,-1,0.00 ,-1,-1,0.00 ,-1,-1,0.00 ,-1
4382,41,0.15 ,-1,-1,0.00 ,-1,-1,0.00 ,-1,-1,0.00 ,-1
4383,41,0.20 ,-1,-1,0.00 ,-1,-1,0.00 ,-1,-1,0.00 ,-1
4384,41,0.25 ,-1,-1,0.00 ,-1,-1,0.00 ,-1,-1,0.00 ,-1
4385,41,0.30 ,-1,-1,0.00 ,-1,-1,0.00 ,-1,-1,0.00 ,-1
4391,32,30.00 ,1,-1,0.00 ,-1,-1,0.00 ,-1,-1,0.00 ,-1
4392,32,75.00 ,1,-1,0.00 ,-1,-1,0.00 ,-1,-1,0.00 ,-1
4393,32,150.00 ,1,-1,0.00 ,-1,-1,0.00 ,-1,-1,0.00 ,-1
4394,32,225.00 ,1,-1,0.00 ,-1,-1,0.00 ,-1,-1,0.00 ,-1
4395,32,300.00 ,1,-1,0.00 ,-1,-1,0.00 ,-1,-1,0.00 ,-1
4401,32,30.00 ,1,-1,0.00 ,-1,-1,0.00 ,-1,-1,0.00 ,-1
4402,32,75.00 ,1,-1,0.00 ,-1,-1,0.00 ,-1,-1,0.00 ,-1
4403,32,150.00 ,1,-1,0.00 ,-1,-1,0.00 ,-1,-1,0.00 ,-1
4404,32,225.00 ,1,-1,0.00 ,-1,-1,0.00 ,-1,-1,0.00 ,-1
4405,32,300.00 ,1,-1,0.00 ,-1,-1,0.00 ,-1,-1,0.00 ,-1
4411,12,60.00 ,1,-1,0.00 ,-1,-1,0.00 ,-1,-1,0.00 ,-1
4412,12,150.00 ,1,-1,0.00 ,-1,-1,0.00 ,-1,-1,0.00 ,-1
4413,12,300.00 ,1,-1,0.00 ,-1,-1,0.00 ,-1,-1,0.00 ,-1
4414,12,450.00 ,1,-1,0.00 ,-1,-1,0.00 ,-1,-1,0.00 ,-1
4415,12,600.00 ,1,-1,0.00 ,-1,-1,0.00 ,-1,-1,0.00 ,-1
4421,22,60.00 ,1,-1,0.00 ,-1,-1,0.00 ,-1,-1,0.00 ,-1
4422,22,150.00 ,1,-1,0.00 ,-1,-1,0.00 ,-1,-1,0.00 ,-1
4423,22,300.00 ,1,-1,0.00 ,-1,-1,0.00 ,-1,-1,0.00 ,-1
4424,22,450.00 ,1,-1,0.00 ,-1,-1,0.00 ,-1,-1,0.00 ,-1
4425,22,600.00 ,1,-1,0.00 ,-1,-1,0.00 ,-1,-1,0.00 ,-1
4431,22,60.00 ,1,-1,0.00 ,-1,-1,0.00 ,-1,-1,0.00 ,-1
4432,22,150.00 ,1,-1,0.00 ,-1,-1,0.00 ,-1,-1,0.00 ,-1
4433,22,300.00 ,1,-1,0.00 ,-1,-1,0.00 ,-1,-1,0.00 ,-1
4434,22,450.00 ,1,-1,0.00 ,-1,-1,0.00 ,-1,-1,0.00 ,-1
4435,22,600.00 ,1,-1,0.00 ,-1,-1,0.00 ,-1,-1,0.00 ,-1
4441,12,180.00 ,3,-1,0.00 ,-1,-1,0.00 ,-1,-1,0.00 ,-1
4442,12,450.00 ,3,-1,0.00 ,-1,-1,0.00 ,-1,-1,0.00 ,-1
4443,12,900.00 ,3,-1,0.00 ,-1,-1,0.00 ,-1,-1,0.00 ,-1
4444,12,1350.00 ,3,-1,0.00 ,-1,-1,0.00 ,-1,-1,0.00 ,-1
4445,12,1800.00 ,3,-1,0.00 ,-1,-1,0.00 ,-1,-1,0.00 ,-1
4451,12,60.00 ,1,-1,0.00 ,-1,-1,0.00 ,-1,-1,0.00 ,-1
4452,12,150.00 ,1,-1,0.00 ,-1,-1,0.00 ,-1,-1,0.00 ,-1
4453,12,300.00 ,1,-1,0.00 ,-1,-1,0.00 ,-1,-1,0.00 ,-1
4454,12,450.00 ,1,-1,0.00 ,-1,-1,0.00 ,-1,-1,0.00 ,-1
4455,12,600.00 ,1,-1,0.00 ,-1,-1,0.00 ,-1,-1,0.00 ,-1
10001,11,1.00 ,5000,-1,0.00 ,-1,-1,0.00 ,-1,-1,0.00 ,-1
10011,11,2.00 ,5000,-1,0.00 ,-1,-1,0.00 ,-1,-1,0.00 ,-1
10021,11,3.00 ,5000,-1,0.00 ,-1,-1,0.00 ,-1,-1,0.00 ,-1
10031,11,4.00 ,5000,-1,0.00 ,-1,-1,0.00 ,-1,-1,0.00 ,-1
10041,11,5.00 ,5000,-1,0.00 ,-1,-1,0.00 ,-1,-1,0.00 ,-1
10101,11,1.00 ,5050,-1,0.00 ,-1,-1,0.00 ,-1,-1,0.00 ,-1
10111,11,2.00 ,5050,-1,0.00 ,-1,-1,0.00 ,-1,-1,0.00 ,-1
10121,11,3.00 ,5050,-1,0.00 ,-1,-1,0.00 ,-1,-1,0.00 ,-1
10131,11,4.00 ,5050,-1,0.00 ,-1,-1,0.00 ,-1,-1,0.00 ,-1
10141,11,5.00 ,5050,-1,0.00 ,-1,-1,0.00 ,-1,-1,0.00 ,-1
10201,11,0.20 ,2,-1,0.00 ,-1,-1,0.00 ,-1,-1,0.00 ,-1
10211,11,0.40 ,2,-1,0.00 ,-1,-1,0.00 ,-1,-1,0.00 ,-1
10221,11,0.60 ,2,-1,0.00 ,-1,-1,0.00 ,-1,-1,0.00 ,-1
10231,11,0.80 ,2,-1,0.00 ,-1,-1,0.00 ,-1,-1,0.00 ,-1
10241,11,1.00 ,2,-1,0.00 ,-1,-1,0.00 ,-1,-1,0.00 ,-1
10301,41,0.10 ,-1,-1,0.00 ,-1,-1,0.00 ,-1,-1,0.00 ,-1
10311,41,0.25 ,-1,-1,0.00 ,-1,-1,0.00 ,-1,-1,0.00 ,-1
10321,41,0.40 ,-1,-1,0.00 ,-1,-1,0.00 ,-1,-1,0.00 ,-1
10331,41,0.55 ,-1,-1,0.00 ,-1,-1,0.00 ,-1,-1,0.00 ,-1
10341,41,0.70 ,-1,-1,0.00 ,-1,-1,0.00 ,-1,-1,0.00 ,-1
10401,11,1.00 ,3000,-1,0.00 ,-1,-1,0.00 ,-1,-1,0.00 ,-1
10411,11,2.00 ,3000,-1,0.00 ,-1,-1,0.00 ,-1,-1,0.00 ,-1
10421,11,3.00 ,3000,-1,0.00 ,-1,-1,0.00 ,-1,-1,0.00 ,-1
10431,11,4.00 ,3000,-1,0.00 ,-1,-1,0.00 ,-1,-1,0.00 ,-1
10441,11,5.00 ,3000,-1,0.00 ,-1,-1,0.00 ,-1,-1,0.00 ,-1
10501,21,0.20 ,1,-1,0.00 ,-1,-1,0.00 ,-1,-1,0.00 ,-1
10511,21,0.40 ,1,-1,0.00 ,-1,-1,0.00 ,-1,-1,0.00 ,-1
10521,21,0.60 ,1,-1,0.00 ,-1,-1,0.00 ,-1,-1,0.00 ,-1
10531,21,0.80 ,1,-1,0.00 ,-1,-1,0.00 ,-1,-1,0.00 ,-1
10541,21,1.00 ,1,-1,0.00 ,-1,-1,0.00 ,-1,-1,0.00 ,-1
10502,11,0.15 ,4,-1,0.00 ,-1,-1,0.00 ,-1,-1,0.00 ,-1
10512,11,0.30 ,4,-1,0.00 ,-1,-1,0.00 ,-1,-1,0.00 ,-1
10522,11,0.45 ,4,-1,0.00 ,-1,-1,0.00 ,-1,-1,0.00 ,-1
10532,11,0.60 ,4,-1,0.00 ,-1,-1,0.00 ,-1,-1,0.00 ,-1
10542,11,0.75 ,4,-1,0.00 ,-1,-1,0.00 ,-1,-1,0.00 ,-1
10601,11,1.00 ,3060,-1,0.00 ,-1,-1,0.00 ,-1,-1,0.00 ,-1
10611,11,2.00 ,3060,-1,0.00 ,-1,-1,0.00 ,-1,-1,0.00 ,-1
10621,11,3.00 ,3060,-1,0.00 ,-1,-1,0.00 ,-1,-1,0.00 ,-1
10631,11,4.00 ,3060,-1,0.00 ,-1,-1,0.00 ,-1,-1,0.00 ,-1
10641,11,5.00 ,3060,-1,0.00 ,-1,-1,0.00 ,-1,-1,0.00 ,-1
10602,41,0.10 ,-1,-1,0.00 ,-1,-1,0.00 ,-1,-1,0.00 ,-1
10612,41,0.20 ,-1,-1,0.00 ,-1,-1,0.00 ,-1,-1,0.00 ,-1
10622,41,0.30 ,-1,-1,0.00 ,-1,-1,0.00 ,-1,-1,0.00 ,-1
10632,41,0.40 ,-1,-1,0.00 ,-1,-1,0.00 ,-1,-1,0.00 ,-1
10642,41,0.50 ,-1,-1,0.00 ,-1,-1,0.00 ,-1,-1,0.00 ,-1
10701,21,0.20 ,1,-1,0.00 ,-1,-1,0.00 ,-1,-1,0.00 ,-1
10711,21,0.40 ,1,-1,0.00 ,-1,-1,0.00 ,-1,-1,0.00 ,-1
10721,21,0.60 ,1,-1,0.00 ,-1,-1,0.00 ,-1,-1,0.00 ,-1
10731,21,0.80 ,1,-1,0.00 ,-1,-1,0.00 ,-1,-1,0.00 ,-1
10741,21,1.00 ,1,-1,0.00 ,-1,-1,0.00 ,-1,-1,0.00 ,-1
10702,11,0.15 ,2,-1,0.00 ,-1,-1,0.00 ,-1,-1,0.00 ,-1
10712,11,0.30 ,2,-1,0.00 ,-1,-1,0.00 ,-1,-1,0.00 ,-1
10722,11,0.45 ,2,-1,0.00 ,-1,-1,0.00 ,-1,-1,0.00 ,-1
10732,11,0.60 ,2,-1,0.00 ,-1,-1,0.00 ,-1,-1,0.00 ,-1
10742,11,0.75 ,2,-1,0.00 ,-1,-1,0.00 ,-1,-1,0.00 ,-1
10801,11,1.00 ,3080,-1,0.00 ,-1,-1,0.00 ,-1,-1,0.00 ,-1
10811,11,2.00 ,3080,-1,0.00 ,-1,-1,0.00 ,-1,-1,0.00 ,-1
10821,11,3.00 ,3080,-1,0.00 ,-1,-1,0.00 ,-1,-1,0.00 ,-1
10831,11,4.00 ,3080,-1,0.00 ,-1,-1,0.00 ,-1,-1,0.00 ,-1
10841,11,5.00 ,3080,-1,0.00 ,-1,-1,0.00 ,-1,-1,0.00 ,-1
10802,21,0.20 ,1,-1,0.00 ,-1,-1,0.00 ,-1,-1,0.00 ,-1
10812,21,0.40 ,1,-1,0.00 ,-1,-1,0.00 ,-1,-1,0.00 ,-1
10822,21,0.60 ,1,-1,0.00 ,-1,-1,0.00 ,-1,-1,0.00 ,-1
10832,21,0.80 ,1,-1,0.00 ,-1,-1,0.00 ,-1,-1,0.00 ,-1
10842,21,1.00 ,1,-1,0.00 ,-1,-1,0.00 ,-1,-1,0.00 ,-1
10901,31,0.10 ,1,-1,0.00 ,-1,-1,0.00 ,-1,-1,0.00 ,-1
10911,31,0.20 ,1,-1,0.00 ,-1,-1,0.00 ,-1,-1,0.00 ,-1
10921,31,0.30 ,1,-1,0.00 ,-1,-1,0.00 ,-1,-1,0.00 ,-1
10931,31,0.40 ,1,-1,0.00 ,-1,-1,0.00 ,-1,-1,0.00 ,-1
10941,31,0.50 ,1,-1,0.00 ,-1,-1,0.00 ,-1,-1,0.00 ,-1
10902,41,0.10 ,-1,-1,0.00 ,-1,-1,0.00 ,-1,-1,0.00 ,-1
10912,41,0.20 ,-1,-1,0.00 ,-1,-1,0.00 ,-1,-1,0.00 ,-1
10922,41,0.30 ,-1,-1,0.00 ,-1,-1,0.00 ,-1,-1,0.00 ,-1
10932,41,0.40 ,-1,-1,0.00 ,-1,-1,0.00 ,-1,-1,0.00 ,-1
10942,41,0.50 ,-1,-1,0.00 ,-1,-1,0.00 ,-1,-1,0.00 ,-1
11001,11,1.00 ,3110,-1,0.00 ,-1,-1,0.00 ,-1,-1,0.00 ,-1
11011,11,2.00 ,3110,-1,0.00 ,-1,-1,0.00 ,-1,-1,0.00 ,-1
11021,11,3.00 ,3110,-1,0.00 ,-1,-1,0.00 ,-1,-1,0.00 ,-1
11031,11,4.00 ,3110,-1,0.00 ,-1,-1,0.00 ,-1,-1,0.00 ,-1
11041,11,5.00 ,3110,-1,0.00 ,-1,-1,0.00 ,-1,-1,0.00 ,-1
11002,11,1.00 ,5100,-1,0.00 ,-1,-1,0.00 ,-1,-1,0.00 ,-1
11012,11,2.00 ,5100,-1,0.00 ,-1,-1,0.00 ,-1,-1,0.00 ,-1
11022,11,3.00 ,5100,-1,0.00 ,-1,-1,0.00 ,-1,-1,0.00 ,-1
11032,11,4.00 ,5100,-1,0.00 ,-1,-1,0.00 ,-1,-1,0.00 ,-1
11042,11,5.00 ,5100,-1,0.00 ,-1,-1,0.00 ,-1,-1,0.00 ,-1
30001,11,1.00 ,1040,-1,0.00 ,-1,-1,0.00 ,-1,-1,0.00 ,-1
30011,11,2.00 ,1040,-1,0.00 ,-1,-1,0.00 ,-1,-1,0.00 ,-1
30021,11,3.00 ,1040,-1,0.00 ,-1,-1,0.00 ,-1,-1,0.00 ,-1
30031,11,4.00 ,1040,-1,0.00 ,-1,-1,0.00 ,-1,-1,0.00 ,-1
30041,11,5.00 ,1040,-1,0.00 ,-1,-1,0.00 ,-1,-1,0.00 ,-1
30101,11,1.00 ,3050,-1,0.00 ,-1,-1,0.00 ,-1,-1,0.00 ,-1
30111,11,2.00 ,3050,-1,0.00 ,-1,-1,0.00 ,-1,-1,0.00 ,-1
30121,11,3.00 ,3050,-1,0.00 ,-1,-1,0.00 ,-1,-1,0.00 ,-1
30131,11,4.00 ,3050,-1,0.00 ,-1,-1,0.00 ,-1,-1,0.00 ,-1
30141,11,5.00 ,3050,-1,0.00 ,-1,-1,0.00 ,-1,-1,0.00 ,-1
30201,11,1.00 ,5060,-1,0.00 ,-1,-1,0.00 ,-1,-1,0.00 ,-1
30211,11,2.00 ,5060,-1,0.00 ,-1,-1,0.00 ,-1,-1,0.00 ,-1
30221,11,3.00 ,5060,-1,0.00 ,-1,-1,0.00 ,-1,-1,0.00 ,-1
30231,11,4.00 ,5060,-1,0.00 ,-1,-1,0.00 ,-1,-1,0.00 ,-1
30241,11,5.00 ,5060,-1,0.00 ,-1,-1,0.00 ,-1,-1,0.00 ,-1
30301,11,1.00 ,5070,-1,0.00 ,-1,-1,0.00 ,-1,-1,0.00 ,-1
30311,11,2.00 ,5070,-1,0.00 ,-1,-1,0.00 ,-1,-1,0.00 ,-1
30321,11,3.00 ,5070,-1,0.00 ,-1,-1,0.00 ,-1,-1,0.00 ,-1
30331,11,4.00 ,5070,-1,0.00 ,-1,-1,0.00 ,-1,-1,0.00 ,-1
30341,11,5.00 ,5070,-1,0.00 ,-1,-1,0.00 ,-1,-1,0.00 ,-1
30401,11,1.00 ,5040,-1,0.00 ,-1,-1,0.00 ,-1,-1,0.00 ,-1
30411,11,2.00 ,5040,-1,0.00 ,-1,-1,0.00 ,-1,-1,0.00 ,-1
30421,11,3.00 ,5040,-1,0.00 ,-1,-1,0.00 ,-1,-1,0.00 ,-1
30431,11,4.00 ,5040,-1,0.00 ,-1,-1,0.00 ,-1,-1,0.00 ,-1
30441,11,5.00 ,5040,-1,0.00 ,-1,-1,0.00 ,-1,-1,0.00 ,-1
30501,11,1.00 ,3010,-1,0.00 ,-1,-1,0.00 ,-1,-1,0.00 ,-1
30511,11,2.00 ,3010,-1,0.00 ,-1,-1,0.00 ,-1,-1,0.00 ,-1
30521,11,3.00 ,3010,-1,0.00 ,-1,-1,0.00 ,-1,-1,0.00 ,-1
30531,11,4.00 ,3010,-1,0.00 ,-1,-1,0.00 ,-1,-1,0.00 ,-1
30541,11,5.00 ,3010,-1,0.00 ,-1,-1,0.00 ,-1,-1,0.00 ,-1
30502,11,1.00 ,5010,-1,0.00 ,-1,-1,0.00 ,-1,-1,0.00 ,-1
30512,11,2.00 ,5010,-1,0.00 ,-1,-1,0.00 ,-1,-1,0.00 ,-1
30522,11,3.00 ,5010,-1,0.00 ,-1,-1,0.00 ,-1,-1,0.00 ,-1
30532,11,4.00 ,5010,-1,0.00 ,-1,-1,0.00 ,-1,-1,0.00 ,-1
30542,11,5.00 ,5010,-1,0.00 ,-1,-1,0.00 ,-1,-1,0.00 ,-1
30601,11,1.00 ,1060,-1,0.00 ,-1,-1,0.00 ,-1,-1,0.00 ,-1
30611,11,2.00 ,1060,-1,0.00 ,-1,-1,0.00 ,-1,-1,0.00 ,-1
30621,11,3.00 ,1060,-1,0.00 ,-1,-1,0.00 ,-1,-1,0.00 ,-1
30631,11,4.00 ,1060,-1,0.00 ,-1,-1,0.00 ,-1,-1,0.00 ,-1
30641,11,5.00 ,1060,-1,0.00 ,-1,-1,0.00 ,-1,-1,0.00 ,-1
30602,41,0.10 ,-1,-1,0.00 ,-1,-1,0.00 ,-1,-1,0.00 ,-1
30612,41,0.20 ,-1,-1,0.00 ,-1,-1,0.00 ,-1,-1,0.00 ,-1
30622,41,0.30 ,-1,-1,0.00 ,-1,-1,0.00 ,-1,-1,0.00 ,-1
30632,41,0.40 ,-1,-1,0.00 ,-1,-1,0.00 ,-1,-1,0.00 ,-1
30642,41,0.50 ,-1,-1,0.00 ,-1,-1,0.00 ,-1,-1,0.00 ,-1
30701,11,0.50 ,5090,-1,0.00 ,-1,-1,0.00 ,-1,-1,0.00 ,-1
30711,11,1.00 ,5090,-1,0.00 ,-1,-1,0.00 ,-1,-1,0.00 ,-1
30721,11,1.50 ,5090,-1,0.00 ,-1,-1,0.00 ,-1,-1,0.00 ,-1
30731,11,2.00 ,5090,-1,0.00 ,-1,-1,0.00 ,-1,-1,0.00 ,-1
30741,11,2.50 ,5090,-1,0.00 ,-1,-1,0.00 ,-1,-1,0.00 ,-1
30702,31,0.10 ,1,-1,0.00 ,-1,-1,0.00 ,-1,-1,0.00 ,-1
30712,31,0.20 ,1,-1,0.00 ,-1,-1,0.00 ,-1,-1,0.00 ,-1
30722,31,0.30 ,1,-1,0.00 ,-1,-1,0.00 ,-1,-1,0.00 ,-1
30732,31,0.40 ,1,-1,0.00 ,-1,-1,0.00 ,-1,-1,0.00 ,-1
30742,31,0.50 ,1,-1,0.00 ,-1,-1,0.00 ,-1,-1,0.00 ,-1
30801,11,1.00 ,1080,-1,0.00 ,-1,-1,0.00 ,-1,-1,0.00 ,-1
30811,11,2.00 ,1080,-1,0.00 ,-1,-1,0.00 ,-1,-1,0.00 ,-1
30821,11,3.00 ,1080,-1,0.00 ,-1,-1,0.00 ,-1,-1,0.00 ,-1
30831,11,4.00 ,1080,-1,0.00 ,-1,-1,0.00 ,-1,-1,0.00 ,-1
30841,11,5.00 ,1080,-1,0.00 ,-1,-1,0.00 ,-1,-1,0.00 ,-1
30802,21,0.20 ,1,-1,0.00 ,-1,-1,0.00 ,-1,-1,0.00 ,-1
30812,21,0.40 ,1,-1,0.00 ,-1,-1,0.00 ,-1,-1,0.00 ,-1
30822,21,0.60 ,1,-1,0.00 ,-1,-1,0.00 ,-1,-1,0.00 ,-1
30832,21,0.80 ,1,-1,0.00 ,-1,-1,0.00 ,-1,-1,0.00 ,-1
30842,21,1.00 ,1,-1,0.00 ,-1,-1,0.00 ,-1,-1,0.00 ,-1
30901,31,0.10 ,1,-1,0.00 ,-1,-1,0.00 ,-1,-1,0.00 ,-1
30911,31,0.20 ,1,-1,0.00 ,-1,-1,0.00 ,-1,-1,0.00 ,-1
30921,31,0.30 ,1,-1,0.00 ,-1,-1,0.00 ,-1,-1,0.00 ,-1
30931,31,0.40 ,1,-1,0.00 ,-1,-1,0.00 ,-1,-1,0.00 ,-1
30941,31,0.50 ,1,-1,0.00 ,-1,-1,0.00 ,-1,-1,0.00 ,-1
30902,11,0.05 ,1,-1,0.00 ,-1,-1,0.00 ,-1,-1,0.00 ,-1
30912,11,0.10 ,1,-1,0.00 ,-1,-1,0.00 ,-1,-1,0.00 ,-1
30922,11,0.15 ,1,-1,0.00 ,-1,-1,0.00 ,-1,-1,0.00 ,-1
30932,11,0.20 ,1,-1,0.00 ,-1,-1,0.00 ,-1,-1,0.00 ,-1
30942,11,0.25 ,1,-1,0.00 ,-1,-1,0.00 ,-1,-1,0.00 ,-1
31001,11,0.15 ,3,-1,0.00 ,-1,-1,0.00 ,-1,-1,0.00 ,-1
31011,11,0.30 ,3,-1,0.00 ,-1,-1,0.00 ,-1,-1,0.00 ,-1
31021,11,0.45 ,3,-1,0.00 ,-1,-1,0.00 ,-1,-1,0.00 ,-1
31031,11,0.60 ,3,-1,0.00 ,-1,-1,0.00 ,-1,-1,0.00 ,-1
31041,11,0.75 ,3,-1,0.00 ,-1,-1,0.00 ,-1,-1,0.00 ,-1
31002,41,0.10 ,-1,-1,0.00 ,-1,-1,0.00 ,-1,-1,0.00 ,-1
31012,41,0.20 ,-1,-1,0.00 ,-1,-1,0.00 ,-1,-1,0.00 ,-1
31022,41,0.30 ,-1,-1,0.00 ,-1,-1,0.00 ,-1,-1,0.00 ,-1
31032,41,0.40 ,-1,-1,0.00 ,-1,-1,0.00 ,-1,-1,0.00 ,-1
31042,41,0.50 ,-1,-1,0.00 ,-1,-1,0.00 ,-1,-1,0.00 ,-1
31101,11,1.00 ,1100,-1,0.00 ,-1,-1,0.00 ,-1,-1,0.00 ,-1
31111,11,2.00 ,1100,-1,0.00 ,-1,-1,0.00 ,-1,-1,0.00 ,-1
31121,11,3.00 ,1100,-1,0.00 ,-1,-1,0.00 ,-1,-1,0.00 ,-1
31131,11,4.00 ,1100,-1,0.00 ,-1,-1,0.00 ,-1,-1,0.00 ,-1
31141,11,5.00 ,1100,-1,0.00 ,-1,-1,0.00 ,-1,-1,0.00 ,-1
31102,11,0.40 ,3,-1,0.00 ,-1,-1,0.00 ,-1,-1,0.00 ,-1
31112,11,0.80 ,3,-1,0.00 ,-1,-1,0.00 ,-1,-1,0.00 ,-1
31122,11,1.20 ,3,-1,0.00 ,-1,-1,0.00 ,-1,-1,0.00 ,-1
31132,11,1.60 ,3,-1,0.00 ,-1,-1,0.00 ,-1,-1,0.00 ,-1
31142,11,2.00 ,3,-1,0.00 ,-1,-1,0.00 ,-1,-1,0.00 ,-1
50001,11,1.00 ,1000,-1,0.00 ,-1,-1,0.00 ,-1,-1,0.00 ,-1
50011,11,2.00 ,1000,-1,0.00 ,-1,-1,0.00 ,-1,-1,0.00 ,-1
50021,11,3.00 ,1000,-1,0.00 ,-1,-1,0.00 ,-1,-1,0.00 ,-1
50031,11,4.00 ,1000,-1,0.00 ,-1,-1,0.00 ,-1,-1,0.00 ,-1
50041,11,5.00 ,1000,-1,0.00 ,-1,-1,0.00 ,-1,-1,0.00 ,-1
50101,11,1.00 ,3050,-1,0.00 ,-1,-1,0.00 ,-1,-1,0.00 ,-1
50111,11,2.00 ,3050,-1,0.00 ,-1,-1,0.00 ,-1,-1,0.00 ,-1
50121,11,3.00 ,3050,-1,0.00 ,-1,-1,0.00 ,-1,-1,0.00 ,-1
50131,11,4.00 ,3050,-1,0.00 ,-1,-1,0.00 ,-1,-1,0.00 ,-1
50141,11,5.00 ,3050,-1,0.00 ,-1,-1,0.00 ,-1,-1,0.00 ,-1
50201,31,0.10 ,1,-1,0.00 ,-1,-1,0.00 ,-1,-1,0.00 ,-1
50211,31,0.15 ,1,-1,0.00 ,-1,-1,0.00 ,-1,-1,0.00 ,-1
50221,31,0.20 ,1,-1,0.00 ,-1,-1,0.00 ,-1,-1,0.00 ,-1
50231,31,0.25 ,1,-1,0.00 ,-1,-1,0.00 ,-1,-1,0.00 ,-1
50241,31,0.30 ,1,-1,0.00 ,-1,-1,0.00 ,-1,-1,0.00 ,-1
50301,21,0.20 ,1,-1,0.00 ,-1,-1,0.00 ,-1,-1,0.00 ,-1
50311,21,0.50 ,1,-1,0.00 ,-1,-1,0.00 ,-1,-1,0.00 ,-1
50321,21,0.80 ,1,-1,0.00 ,-1,-1,0.00 ,-1,-1,0.00 ,-1
50331,21,1.10 ,1,-1,0.00 ,-1,-1,0.00 ,-1,-1,0.00 ,-1
50341,21,1.40 ,1,-1,0.00 ,-1,-1,0.00 ,-1,-1,0.00 ,-1
50401,11,1.00 ,3040,-1,0.00 ,-1,-1,0.00 ,-1,-1,0.00 ,-1
50411,11,2.00 ,3040,-1,0.00 ,-1,-1,0.00 ,-1,-1,0.00 ,-1
50421,11,3.00 ,3040,-1,0.00 ,-1,-1,0.00 ,-1,-1,0.00 ,-1
50431,11,4.00 ,3040,-1,0.00 ,-1,-1,0.00 ,-1,-1,0.00 ,-1
50441,11,5.00 ,3040,-1,0.00 ,-1,-1,0.00 ,-1,-1,0.00 ,-1
50501,11,1.00 ,1010,-1,0.00 ,-1,-1,0.00 ,-1,-1,0.00 ,-1
50511,11,2.00 ,1010,-1,0.00 ,-1,-1,0.00 ,-1,-1,0.00 ,-1
50521,11,3.00 ,1010,-1,0.00 ,-1,-1,0.00 ,-1,-1,0.00 ,-1
50531,11,4.00 ,1010,-1,0.00 ,-1,-1,0.00 ,-1,-1,0.00 ,-1
50541,11,5.00 ,1010,-1,0.00 ,-1,-1,0.00 ,-1,-1,0.00 ,-1
50502,11,0.15 ,4,-1,0.00 ,-1,-1,0.00 ,-1,-1,0.00 ,-1
50512,11,0.30 ,4,-1,0.00 ,-1,-1,0.00 ,-1,-1,0.00 ,-1
50522,11,0.45 ,4,-1,0.00 ,-1,-1,0.00 ,-1,-1,0.00 ,-1
50532,11,0.60 ,4,-1,0.00 ,-1,-1,0.00 ,-1,-1,0.00 ,-1
50542,11,0.75 ,4,-1,0.00 ,-1,-1,0.00 ,-1,-1,0.00 ,-1
50601,11,1.00 ,3020,-1,0.00 ,-1,-1,0.00 ,-1,-1,0.00 ,-1
50611,11,2.00 ,3020,-1,0.00 ,-1,-1,0.00 ,-1,-1,0.00 ,-1
50621,11,3.00 ,3020,-1,0.00 ,-1,-1,0.00 ,-1,-1,0.00 ,-1
50631,11,4.00 ,3020,-1,0.00 ,-1,-1,0.00 ,-1,-1,0.00 ,-1
50641,11,5.00 ,3020,-1,0.00 ,-1,-1,0.00 ,-1,-1,0.00 ,-1
50602,11,0.15 ,3,-1,0.00 ,-1,-1,0.00 ,-1,-1,0.00 ,-1
50612,11,0.30 ,3,-1,0.00 ,-1,-1,0.00 ,-1,-1,0.00 ,-1
50622,11,0.45 ,3,-1,0.00 ,-1,-1,0.00 ,-1,-1,0.00 ,-1
50632,11,0.60 ,3,-1,0.00 ,-1,-1,0.00 ,-1,-1,0.00 ,-1
50642,11,0.75 ,3,-1,0.00 ,-1,-1,0.00 ,-1,-1,0.00 ,-1
50701,11,1.00 ,3030,-1,0.00 ,-1,-1,0.00 ,-1,-1,0.00 ,-1
50711,11,2.00 ,3030,-1,0.00 ,-1,-1,0.00 ,-1,-1,0.00 ,-1
50721,11,3.00 ,3030,-1,0.00 ,-1,-1,0.00 ,-1,-1,0.00 ,-1
50731,11,4.00 ,3030,-1,0.00 ,-1,-1,0.00 ,-1,-1,0.00 ,-1
50741,11,5.00 ,3030,-1,0.00 ,-1,-1,0.00 ,-1,-1,0.00 ,-1
50702,11,0.50 ,5080,-1,0.00 ,-1,-1,0.00 ,-1,-1,0.00 ,-1
50712,11,1.00 ,5080,-1,0.00 ,-1,-1,0.00 ,-1,-1,0.00 ,-1
50722,11,1.50 ,5080,-1,0.00 ,-1,-1,0.00 ,-1,-1,0.00 ,-1
50732,11,2.00 ,5080,-1,0.00 ,-1,-1,0.00 ,-1,-1,0.00 ,-1
50742,11,2.50 ,5080,-1,0.00 ,-1,-1,0.00 ,-1,-1,0.00 ,-1
50801,11,1.00 ,5070,-1,0.00 ,-1,-1,0.00 ,-1,-1,0.00 ,-1
50811,11,2.00 ,5070,-1,0.00 ,-1,-1,0.00 ,-1,-1,0.00 ,-1
50821,11,3.00 ,5070,-1,0.00 ,-1,-1,0.00 ,-1,-1,0.00 ,-1
50831,11,4.00 ,5070,-1,0.00 ,-1,-1,0.00 ,-1,-1,0.00 ,-1
50841,11,5.00 ,5070,-1,0.00 ,-1,-1,0.00 ,-1,-1,0.00 ,-1
50802,11,0.10 ,1,-1,0.00 ,-1,-1,0.00 ,-1,-1,0.00 ,-1
50812,11,0.20 ,1,-1,0.00 ,-1,-1,0.00 ,-1,-1,0.00 ,-1
50822,11,0.30 ,1,-1,0.00 ,-1,-1,0.00 ,-1,-1,0.00 ,-1
50832,11,0.40 ,1,-1,0.00 ,-1,-1,0.00 ,-1,-1,0.00 ,-1
50842,11,0.50 ,1,-1,0.00 ,-1,-1,0.00 ,-1,-1,0.00 ,-1
50901,11,1.00 ,3070,-1,0.00 ,-1,-1,0.00 ,-1,-1,0.00 ,-1
50911,11,2.00 ,3070,-1,0.00 ,-1,-1,0.00 ,-1,-1,0.00 ,-1
50921,11,3.00 ,3070,-1,0.00 ,-1,-1,0.00 ,-1,-1,0.00 ,-1
50931,11,4.00 ,3070,-1,0.00 ,-1,-1,0.00 ,-1,-1,0.00 ,-1
50941,11,5.00 ,3070,-1,0.00 ,-1,-1,0.00 ,-1,-1,0.00 ,-1
50902,31,0.10 ,1,-1,0.00 ,-1,-1,0.00 ,-1,-1,0.00 ,-1
50912,31,0.20 ,1,-1,0.00 ,-1,-1,0.00 ,-1,-1,0.00 ,-1
50922,31,0.30 ,1,-1,0.00 ,-1,-1,0.00 ,-1,-1,0.00 ,-1
50932,31,0.40 ,1,-1,0.00 ,-1,-1,0.00 ,-1,-1,0.00 ,-1
50942,31,0.50 ,1,-1,0.00 ,-1,-1,0.00 ,-1,-1,0.00 ,-1
51001,11,1.00 ,1100,-1,0.00 ,-1,-1,0.00 ,-1,-1,0.00 ,-1
51011,11,2.00 ,1100,-1,0.00 ,-1,-1,0.00 ,-1,-1,0.00 ,-1
51021,11,3.00 ,1100,-1,0.00 ,-1,-1,0.00 ,-1,-1,0.00 ,-1
51031,11,4.00 ,1100,-1,0.00 ,-1,-1,0.00 ,-1,-1,0.00 ,-1
51041,11,5.00 ,1100,-1,0.00 ,-1,-1,0.00 ,-1,-1,0.00 ,-1
51002,11,0.40 ,4,-1,0.00 ,-1,-1,0.00 ,-1,-1,0.00 ,-1
51012,11,0.80 ,4,-1,0.00 ,-1,-1,0.00 ,-1,-1,0.00 ,-1
51022,11,1.20 ,4,-1,0.00 ,-1,-1,0.00 ,-1,-1,0.00 ,-1
51032,11,1.60 ,4,-1,0.00 ,-1,-1,0.00 ,-1,-1,0.00 ,-1
51042,11,2.00 ,4,-1,0.00 ,-1,-1,0.00 ,-1,-1,0.00 ,-1
